{
  "Total Return": 2.7348992323484467,
  "Annual Return": 0.5880184476732024,
  "Volatility": 0.2607918129601011,
  "Sharpe Ratio": 1.597293077062118,
  "Max Drawdown": -0.17969881038942453
}