{
  "Total Return": 1.525408029981254,
  "Annual Return": 0.38423010479168807,
  "Volatility": 0.25717466729906097,
  "Sharpe Ratio": 1.0812764093617864,
  "Max Drawdown": -0.26915156090717546
}