{
  "Total Return": 3.605127539787917,
  "Annual Return": 0.7091540023048224,
  "Volatility": 0.2405362151782997,
  "Sharpe Ratio": 2.018242476591317,
  "Max Drawdown": -0.1775543469571461
}