{
  "Total Return": 2.061909733425612,
  "Annual Return": 0.4810548508125603,
  "Volatility": 0.257767670962315,
  "Sharpe Ratio": 1.3431238941301962,
  "Max Drawdown": -0.19453997595367065
}