{
  "Total Return": 2.8173474314255254,
  "Annual Return": 0.6002350116195478,
  "Volatility": 0.27479130732848805,
  "Sharpe Ratio": 1.557753311873371,
  "Max Drawdown": -0.22591774773611403
}