{
  "Total Return": 2.4538114410141856,
  "Annual Return": 0.545002982046505,
  "Volatility": 0.2579742775089841,
  "Sharpe Ratio": 1.505927089272771,
  "Max Drawdown": -0.19739541900504137
}