{
  "Total Return": 1.826688001111196,
  "Annual Return": 0.4400819961525344,
  "Volatility": 0.23318839006537617,
  "Sharpe Ratio": 1.3380266360808892,
  "Max Drawdown": -0.26366981971122216
}