{
  "Total Return": 2.739220031754623,
  "Annual Return": 0.5886629936260441,
  "Volatility": 0.23565399358321298,
  "Sharpe Ratio": 1.743744043007038,
  "Max Drawdown": -0.23284112763647982
}