{
  "Total Return": 2.4057316534782807,
  "Annual Return": 0.5374199670813722,
  "Volatility": 0.23268345767062334,
  "Sharpe Ratio": 1.6220499881927997,
  "Max Drawdown": -0.1771302952410942
}