{
  "Total Return": 2.6525706143400787,
  "Annual Return": 0.5756436797903322,
  "Volatility": 0.24224163268567278,
  "Sharpe Ratio": 1.669122783621635,
  "Max Drawdown": -0.18682648068115207
}