{
  "Total Return": 2.3133368935758774,
  "Annual Return": 0.5226503317150104,
  "Volatility": 0.24715258116121924,
  "Sharpe Ratio": 1.5023866910153691,
  "Max Drawdown": -0.16337272414628948
}