{
  "Total Return": 2.656897005149641,
  "Annual Return": 0.5762984582412589,
  "Volatility": 0.5065859845193262,
  "Sharpe Ratio": 0.9306196315386535,
  "Max Drawdown": -0.22863782040069827
}