{
  "Total Return": 1.7157151770467207,
  "Annual Return": 0.41998083758039106,
  "Volatility": 0.29224132028922223,
  "Sharpe Ratio": 1.0676823926543662,
  "Max Drawdown": -0.23134288860534455
}