{
  "Total Return": 2.1893686633604283,
  "Annual Return": 0.5024074553555169,
  "Volatility": 0.2432935755403079,
  "Sharpe Ratio": 1.4670220562396898,
  "Max Drawdown": -0.21053344245826744
}