{
  "Total Return": 1.8348420859620216,
  "Annual Return": 0.4415386440046507,
  "Volatility": 0.24103513340240704,
  "Sharpe Ratio": 1.3066160013014723,
  "Max Drawdown": -0.19717020778295946
}