{
  "Total Return": 2.1093084468480097,
  "Annual Return": 0.4890615351152059,
  "Volatility": 0.24072596892801376,
  "Sharpe Ratio": 1.4431113217668883,
  "Max Drawdown": -0.20844481705302298
}