{
  "Total Return": 2.1585237754909747,
  "Annual Return": 0.4972916922005053,
  "Volatility": 0.2583832296679319,
  "Sharpe Ratio": 1.3821517626562378,
  "Max Drawdown": -0.18391028008364768
}