{
  "Total Return": 3.0383409138649258,
  "Annual Return": 0.6321574373458969,
  "Volatility": 0.24680975477689368,
  "Sharpe Ratio": 1.7855854342482234,
  "Max Drawdown": -0.17400335876978867
}