{
  "Total Return": 2.4949023029494746,
  "Annual Return": 0.5514296075802267,
  "Volatility": 0.24774704289787597,
  "Sharpe Ratio": 1.5746655757372756,
  "Max Drawdown": -0.1840728630353806
}