{
  "Total Return": 2.471361187924406,
  "Annual Return": 0.5477538068684442,
  "Volatility": 0.25044768836915854,
  "Sharpe Ratio": 1.5510656862165237,
  "Max Drawdown": -0.18088278523976978
}