{
  "Total Return": 2.7914180038663243,
  "Annual Return": 0.5964116010902512,
  "Volatility": 0.2514060356629482,
  "Sharpe Ratio": 1.6693560366743352,
  "Max Drawdown": -0.15211560807254584
}