{
  "Total Return": 2.0393573016758615,
  "Annual Return": 0.4772169896981717,
  "Volatility": 0.27861415598558953,
  "Sharpe Ratio": 1.2508668046564648,
  "Max Drawdown": -0.21145744524355103
}