{
  "Total Return": 2.268409016269738,
  "Annual Return": 0.5153717338963508,
  "Volatility": 0.2270268286581777,
  "Sharpe Ratio": 1.5924885813761978,
  "Max Drawdown": -0.15851319921662058
}