{
  "Total Return": 2.4771997541555724,
  "Annual Return": 0.5486669681712983,
  "Volatility": 0.25056166462119084,
  "Sharpe Ratio": 1.5527894859275158,
  "Max Drawdown": -0.2146215441183726
}