{
  "Total Return": 2.5527205275106906,
  "Annual Return": 0.5603898783473615,
  "Volatility": 0.2536627152701646,
  "Sharpe Ratio": 1.567090287760204,
  "Max Drawdown": -0.18103610565549477
}