{
  "Total Return": 3.1332616198122567,
  "Annual Return": 0.6455207231498454,
  "Volatility": 0.26358935844205567,
  "Sharpe Ratio": 1.7189368469153614,
  "Max Drawdown": -0.1794968432797145
}