{
  "Total Return": 2.47271956935,
  "Annual Return": 0.5479663488707962,
  "Volatility": 0.2498848396873448,
  "Sharpe Ratio": 1.5542434309972077,
  "Max Drawdown": -0.20528535291498626
}