{
  "Total Return": 2.766045683140881,
  "Annual Return": 0.5926538752889461,
  "Volatility": 0.25028231303741905,
  "Sharpe Ratio": 1.6659692236451982,
  "Max Drawdown": -0.17361908347140664
}