{
  "Total Return": 2.907771398920109,
  "Annual Return": 0.6134380403880946,
  "Volatility": 0.25113408887182903,
  "Sharpe Ratio": 1.7131363414398335,
  "Max Drawdown": -0.20701040676038326
}