{
  "Total Return": 2.4710532243582,
  "Annual Return": 0.5477056131964506,
  "Volatility": 0.25657117559765047,
  "Sharpe Ratio": 1.520129378190845,
  "Max Drawdown": -0.20142669640365019
}